{"content":[{"id":"793ee969","settings":{"custom_height":{"unit":"vh","size":"35","sizes":[]},"background_background":"classic","background_image":{"id":1445,"url":"https:\/\/self-tastic.com\/wp-content\/uploads\/2021\/08\/header-services.jpg","alt":"","source":"library"},"background_position":"center center","background_attachment":"scroll","background_repeat":"no-repeat","background_size":"cover","background_overlay_color_b":"#033B3F00","background_overlay_opacity":{"unit":"px","size":"0.95","sizes":[]},"custom_height_tablet":{"unit":"vh","size":"25","sizes":[]},"padding_tablet":{"unit":"px","top":"125","right":"25","bottom":"0","left":"25","isLinked":""},"custom_height_mobile":{"unit":"vh","size":"25","sizes":[]},"padding":{"unit":"px","top":"0","right":"30","bottom":"0","left":"30","isLinked":""},"padding_mobile":{"unit":"px","top":"125","right":"20","bottom":"0","left":"20","isLinked":""},"background_overlay_background":"gradient","background_overlay_color":"#000000B3","background_overlay_color_b_stop":{"unit":"%","size":24,"sizes":[]},"shape_divider_bottom":"opacity-tilt","shape_divider_bottom_color":"#A8E0D9","shape_divider_bottom_height":{"unit":"px","size":60,"sizes":[]}},"elements":[{"id":"7d119dab","settings":{"_column_size":"100","margin":{"unit":"%","top":"","right":"","bottom":"","left":"","isLinked":"1"},"space_between_widgets":"10","margin_tablet":{"unit":"%","top":"","right":"","bottom":"","left":"","isLinked":"1"},"margin_mobile":{"unit":"px","top":"","right":"","bottom":"","left":"","isLinked":"1"}},"elements":[{"id":"23b79851","settings":{"title":"Services","header_size":"h1","title_color":"#FFFFFF","align":"left","typography_typography":"custom","typography_font_family":"Londrina Shadow","typography_font_size":{"unit":"px","size":90,"sizes":[]},"_padding":{"unit":"px","top":"278","right":"0","bottom":"0","left":"0","isLinked":false}},"elements":[],"isInner":false,"widgetType":"heading","elType":"widget"}],"isInner":"","elType":"column"}],"isInner":"","elType":"section"},{"id":"697a4f6b","settings":{"padding":{"unit":"px","top":"100","right":"0","bottom":"0","left":"0","isLinked":false},"background_background":"classic","background_overlay_image":{"url":"https:\/\/self-tastic.com\/wp-content\/uploads\/2021\/08\/logo-background.png","id":1163,"alt":"","source":"library"},"background_overlay_background":"classic","background_overlay_position":"top left","background_overlay_xpos":{"unit":"px","size":91,"sizes":[]},"background_overlay_ypos":{"unit":"px","size":273,"sizes":[]},"background_overlay_attachment":"fixed","background_overlay_repeat":"no-repeat","background_overlay_size":"cover","background_overlay_opacity":{"unit":"px","size":0.05000000000000000277555756156289135105907917022705078125,"sizes":[]}},"elements":[{"id":"7d34c4a9","settings":{"_column_size":100,"_inline_size":null,"padding":{"unit":"px","top":"0","right":"56","bottom":"0","left":"0","isLinked":false},"padding_mobile":{"unit":"px","top":"0","right":"10","bottom":"0","left":"0","isLinked":false},"margin_mobile":{"unit":"px","top":"-38","right":"0","bottom":"0","left":"0","isLinked":false}},"elements":[{"id":"147f9638","settings":{"title":"Our Services","typography_typography":"custom","typography_font_family":"Montserrat","typography_font_size":{"unit":"px","size":32,"sizes":[]},"typography_font_weight":"300","title_color":"#473C31"},"elements":[],"isInner":false,"widgetType":"heading","elType":"widget"},{"id":"6422a831","settings":{"title":"Our Measure Is Your Satisfaction","header_size":"h6","align":"left","title_color":"#AE7434","_padding":{"unit":"px","top":"0","right":"0","bottom":"0","left":"0","isLinked":false},"typography_typography":"custom","typography_font_family":"Aldrich","typography_font_size":{"unit":"px","size":16,"sizes":[]},"_margin":{"unit":"px","top":"0","right":"0","bottom":"-15","left":"0","isLinked":false}},"elements":[],"isInner":false,"widgetType":"heading","elType":"widget"},{"id":"7b2bb099","settings":{"editor":"<p>We are always improving our skills and expanding our scope of work to include new opportunities. Typical services include fitness, travel, and wellness consultation for new and existing clients. Please <a href=\"https:\/\/jimgraydesigns.com\/contactus.htm\">contact\u00a0us<\/a>\u00a0with your ideas and interests if you don't find them listed here.\u00a0<\/p>","typography_typography":"custom","typography_font_family":"Raleway","typography_font_size":{"unit":"px","size":21,"sizes":[]},"typography_font_weight":"400","text_color":"#473C31","_background_background":"classic"},"elements":[],"isInner":false,"widgetType":"text-editor","elType":"widget"},{"id":"268dee61","settings":{"gap":"no","content_position":"top","structure":"30","margin":{"unit":"px","top":"0","right":0,"bottom":"50","left":0,"isLinked":false}},"elements":[{"id":"7ba43985","settings":{"_column_size":33,"_inline_size":null,"padding":{"unit":"px","top":"0","right":"20","bottom":"0","left":"0","isLinked":false},"padding_tablet":{"unit":"px","top":"0","right":"20","bottom":"0","left":"0","isLinked":false},"margin_mobile":{"unit":"px","top":"0","right":"0","bottom":"0","left":"0","isLinked":false},"padding_mobile":{"unit":"px","top":"0","right":"0","bottom":"50","left":"0","isLinked":false}},"elements":[{"id":"4f84af59","settings":{"title_text":"Fitness Consultation","description_text":"","title_size":"h4","image_space":{"unit":"px","size":20},"image_size":{"unit":"%","size":""},"text_align":"left","title_bottom_space":{"unit":"px","size":4},"image":{"id":1422,"url":"https:\/\/self-tastic.com\/wp-content\/uploads\/2021\/08\/services-01.png","alt":"","source":"library"},"link":{"url":"#","is_external":"","nofollow":""},"title_color":"#7e3331","description_color":"rgba(0,0,0,0.6)","image_space_tablet":{"unit":"px","size":20},"title_bottom_space_tablet":{"unit":"px","size":8},"title_typography_typography":"custom","title_typography_line_height_tablet":{"unit":"em","size":1},"description_typography_typography":"custom","description_typography_line_height_tablet":{"unit":"em","size":1.5},"title_typography_font_size":{"unit":"px","size":19,"sizes":[]},"css_filters_css_filter":"custom","css_filters_hover_css_filter":"custom"},"elements":[],"isInner":false,"widgetType":"image-box","elType":"widget"}],"isInner":true,"elType":"column"},{"id":"55f8a9c6","settings":{"_column_size":33,"_inline_size":null,"padding":{"unit":"px","top":"0","right":"10","bottom":"0","left":"10","isLinked":false},"padding_tablet":{"unit":"px","top":"0","right":"10","bottom":"0","left":"10","isLinked":false},"margin_mobile":{"unit":"px","top":"-10","right":"0","bottom":"0","left":"0","isLinked":false},"padding_mobile":{"unit":"px","top":"0","right":"0","bottom":"50","left":"0","isLinked":false}},"elements":[{"id":"4cff5835","settings":{"title_text":"Travel Consultation","description_text":"","title_size":"h4","image_space":{"unit":"px","size":20},"image_size":{"unit":"%","size":""},"text_align":"left","title_bottom_space":{"unit":"px","size":4},"image":{"id":1423,"url":"https:\/\/self-tastic.com\/wp-content\/uploads\/2021\/08\/services-02.png","alt":"","source":"library"},"link":{"url":"#","is_external":"","nofollow":""},"title_color":"#7e3331","description_color":"rgba(0,0,0,0.6)","image_space_tablet":{"unit":"px","size":20},"title_bottom_space_tablet":{"unit":"px","size":8},"title_typography_typography":"custom","title_typography_line_height_tablet":{"unit":"em","size":1},"description_typography_typography":"custom","description_typography_line_height_tablet":{"unit":"em","size":1.5},"title_typography_font_size":{"unit":"px","size":19,"sizes":[]}},"elements":[],"isInner":false,"widgetType":"image-box","elType":"widget"}],"isInner":true,"elType":"column"},{"id":"380040ac","settings":{"_column_size":33,"_inline_size":null,"padding":{"unit":"px","top":"0","right":"0","bottom":"0","left":"20","isLinked":false},"padding_tablet":{"unit":"px","top":"0","right":"0","bottom":"0","left":"20","isLinked":false},"margin_mobile":{"unit":"px","top":"-10","right":"0","bottom":"0","left":"0","isLinked":false},"padding_mobile":{"unit":"px","top":"0","right":"0","bottom":"0","left":"0","isLinked":true}},"elements":[{"id":"70f7443d","settings":{"title_text":"Wellness Consultation","description_text":"","title_size":"h4","image_space":{"unit":"px","size":20},"image_size":{"unit":"%","size":""},"text_align":"left","title_bottom_space":{"unit":"px","size":4},"image":{"id":1424,"url":"https:\/\/self-tastic.com\/wp-content\/uploads\/2021\/08\/services-03.png","alt":"","source":"library"},"link":{"url":"#","is_external":"","nofollow":""},"title_color":"#7e3331","description_color":"rgba(0,0,0,0.6)","image_space_tablet":{"unit":"px","size":20},"title_bottom_space_tablet":{"unit":"px","size":8},"title_typography_typography":"custom","title_typography_line_height_tablet":{"unit":"em","size":1},"description_typography_typography":"custom","description_typography_line_height_tablet":{"unit":"em","size":1.5},"title_typography_font_size":{"unit":"px","size":19,"sizes":[]}},"elements":[],"isInner":false,"widgetType":"image-box","elType":"widget"}],"isInner":true,"elType":"column"}],"isInner":true,"elType":"section"}],"isInner":false,"elType":"column"}],"isInner":false,"elType":"section"},{"id":"44ac692c","settings":{"padding":{"unit":"px","top":"0","right":"0","bottom":"0","left":"0","isLinked":false},"background_background":"classic","background_overlay_image":{"url":"https:\/\/self-tastic.com\/wp-content\/uploads\/2021\/08\/logo-background.png","id":1163,"alt":"","source":"library"},"background_overlay_background":"classic","background_overlay_position":"top left","background_overlay_xpos":{"unit":"px","size":91,"sizes":[]},"background_overlay_ypos":{"unit":"px","size":273,"sizes":[]},"background_overlay_attachment":"fixed","background_overlay_repeat":"no-repeat","background_overlay_size":"cover","background_overlay_opacity":{"unit":"px","size":0.05000000000000000277555756156289135105907917022705078125,"sizes":[]}},"elements":[{"id":"2ecf5e73","settings":{"_column_size":100,"_inline_size":null,"padding":{"unit":"px","top":"0","right":"56","bottom":"0","left":"0","isLinked":false},"padding_mobile":{"unit":"px","top":"0","right":"10","bottom":"0","left":"0","isLinked":false}},"elements":[{"id":"747a651e","settings":{"style":"rhombus","width":{"unit":"%","size":50,"sizes":[]},"align":"center","text":"Divider","color":"#AE7434","pattern_height":{"unit":"px","size":10,"sizes":[]},"_padding":{"unit":"px","top":"0","right":"0","bottom":"40","left":"0","isLinked":false}},"elements":[],"isInner":false,"widgetType":"divider","elType":"widget"},{"id":"4190497d","settings":{"title":"Our RATES","typography_typography":"custom","typography_font_family":"Montserrat","typography_font_size":{"unit":"px","size":32,"sizes":[]},"typography_font_weight":"300","title_color":"#473C31"},"elements":[],"isInner":false,"widgetType":"heading","elType":"widget"},{"id":"11603f42","settings":{"title":"Competitive Pricing","header_size":"h6","align":"left","title_color":"#AE7434","_padding":{"unit":"px","top":"0","right":"0","bottom":"0","left":"0","isLinked":false},"typography_typography":"custom","typography_font_family":"Aldrich","typography_font_size":{"unit":"px","size":16,"sizes":[]},"_margin":{"unit":"px","top":"0","right":"0","bottom":"-15","left":"0","isLinked":false}},"elements":[],"isInner":false,"widgetType":"heading","elType":"widget"},{"id":"6d46ad17","settings":{"editor":"<p>We have worked hard to bring you the best products and the best service at a competitive price, which is a hard balance to find and maintain. For me, value is much more than price... it is a commitment to service, responsiveness, experience and a genuine interest in building relationships and not just sales. What we are offering is better service and a better determination of what you really need. Just remember what we believe passionately... \"Nothing is expensive when it's worth what you pay for it.\"<\/p>","typography_typography":"custom","typography_font_family":"Raleway","typography_font_size":{"unit":"px","size":21,"sizes":[]},"typography_font_weight":"400","text_color":"#473C31","_background_background":"classic"},"elements":[],"isInner":false,"widgetType":"text-editor","elType":"widget"}],"isInner":false,"elType":"column"}],"isInner":false,"elType":"section"},{"id":"3cc125c9","settings":{"structure":"30","padding":{"unit":"px","top":"100","right":"0","bottom":"100","left":"0","isLinked":false},"background_background":"classic","background_overlay_image":{"url":"https:\/\/self-tastic.com\/wp-content\/uploads\/2021\/08\/logo-background.png","id":1163,"alt":"","source":"library"},"background_overlay_background":"classic","background_overlay_position":"top left","background_overlay_xpos":{"unit":"px","size":91,"sizes":[]},"background_overlay_ypos":{"unit":"px","size":273,"sizes":[]},"background_overlay_attachment":"fixed","background_overlay_repeat":"no-repeat","background_overlay_size":"cover","background_overlay_opacity":{"unit":"px","size":0.05000000000000000277555756156289135105907917022705078125,"sizes":[]}},"elements":[{"id":"7114d5c8","settings":{"_column_size":33,"_inline_size":null,"background_background":"classic","background_color":"#ffffff","border_radius":{"unit":"px","top":"18","right":"18","bottom":"18","left":"18","isLinked":true},"box_shadow_box_shadow_type":"yes","box_shadow_box_shadow":{"horizontal":0,"vertical":3,"blur":17,"spread":-1,"color":"rgba(201,201,201,0.56)"},"margin":{"unit":"px","top":"0","right":"20","bottom":"60","left":"20","isLinked":false},"padding":{"unit":"px","top":"25","right":"0","bottom":"0","left":"0","isLinked":false},"_inline_size_tablet":100,"margin_tablet":{"unit":"px","top":"0","right":"15","bottom":"0","left":"15","isLinked":false},"margin_mobile":{"unit":"px","top":"0","right":"20","bottom":"0","left":"20","isLinked":false},"padding_tablet":{"unit":"px","top":"0","right":"0","bottom":"50","left":"0","isLinked":false},"padding_mobile":{"unit":"px","top":"20","right":"0","bottom":"0","left":"0","isLinked":false}},"elements":[{"id":"6abfee7c","settings":{"title":"Wellness Consultation","align":"center","typography_typography":"custom","typography_font_size":{"unit":"px","size":35,"sizes":[]},"typography_font_size_mobile":{"unit":"px","size":30,"sizes":[]},"_padding":{"unit":"px","top":"0","right":"0","bottom":"0","left":"0","isLinked":false},"_background_background":"classic","_border_width":{"unit":"px","top":"0","right":"0","bottom":"6","left":"0","isLinked":false},"_border_color":"#e2e2e2","_box_shadow_box_shadow_type":"yes","_box_shadow_box_shadow":{"horizontal":0,"vertical":0,"blur":"","spread":0,"color":"rgba(0,0,0,0.5)"},"_margin_tablet":{"unit":"px","top":"15","right":"0","bottom":"0","left":"0","isLinked":false}},"elements":[],"isInner":false,"widgetType":"heading","elType":"widget"},{"id":"729e5a41","settings":{"title":"Costs Per Zoom","header_size":"h3","align":"center","typography_typography":"custom","typography_font_size":{"unit":"px","size":27,"sizes":[]},"_padding":{"unit":"px","top":"15","right":"0","bottom":"12","left":"0","isLinked":false},"_background_background":"classic","_border_width":{"unit":"px","top":"0","right":"0","bottom":"6","left":"0","isLinked":false},"_border_color":"#e2e2e2","_box_shadow_box_shadow_type":"yes","_box_shadow_box_shadow":{"horizontal":0,"vertical":0,"blur":"","spread":0,"color":"rgba(0,0,0,0.5)"}},"elements":[],"isInner":false,"widgetType":"heading","elType":"widget"},{"id":"3a8516f5","settings":{"text":"$299","align":"center","typography_typography":"custom","typography_font_size":{"unit":"px","size":36,"sizes":[]},"typography_font_weight":"600","background_color":"#ae7434","border_radius":{"unit":"px","top":"14","right":"14","bottom":"14","left":"14","isLinked":true},"text_padding":{"unit":"px","top":"12","right":"30","bottom":"12","left":"30","isLinked":false},"link":{"url":"","is_external":"","nofollow":""}},"elements":[],"isInner":false,"widgetType":"button","elType":"widget"},{"id":"4d4c302d","settings":{"title":"Per Zoom\/First Hour","header_size":"h5","align":"center","title_color":"#ae7434","typography_typography":"custom","typography_font_size":{"unit":"px","size":20,"sizes":[]},"typography_letter_spacing":{"unit":"px","size":2.100000000000000088817841970012523233890533447265625,"sizes":[]},"_padding":{"unit":"px","top":"10","right":"0","bottom":"10","left":"7","isLinked":false}},"elements":[],"isInner":false,"widgetType":"heading","elType":"widget"},{"id":"6b91c77f","settings":{"color":"#eaeaea","width":{"unit":"%","size":75,"sizes":[]},"align":"center","text":"Divider"},"elements":[],"isInner":false,"widgetType":"divider","elType":"widget"},{"id":"1e39c891","settings":{"icon_list":[{"text":"$299 First Hour (Zoom Only)","icon":"fa fa-check","_id":"c414b4e","__fa4_migrated":{"selected_icon":true}},{"text":"$120 Additional Hour","icon":"fa fa-check","_id":"c5fb934","__fa4_migrated":{"selected_icon":true}}],"space_between":{"unit":"px","size":5,"sizes":[]},"icon_size":{"unit":"px","size":18,"sizes":[]},"text_indent":{"unit":"px","size":14,"sizes":[]},"icon_typography_typography":"custom","icon_typography_font_size":{"unit":"px","size":18,"sizes":[]},"icon_typography_font_size_mobile":{"unit":"px","size":14,"sizes":[]},"icon_typography_font_weight":"500","icon_typography_text_transform":"uppercase","icon_align":"left","icon_color":"#000000","text_color":"#000000","_padding":{"unit":"px","top":"20","right":"0","bottom":"15","left":"20","isLinked":false},"icon_typography_font_family":"Open Sans Condensed"},"elements":[],"isInner":false,"widgetType":"icon-list","elType":"widget"}],"isInner":false,"elType":"column"},{"id":"26d52442","settings":{"_column_size":33,"_inline_size":null,"background_background":"classic","background_color":"#ffffff","border_radius":{"unit":"px","top":"18","right":"18","bottom":"18","left":"18","isLinked":true},"box_shadow_box_shadow_type":"yes","box_shadow_box_shadow":{"horizontal":0,"vertical":3,"blur":17,"spread":-1,"color":"rgba(201,201,201,0.56)"},"margin":{"unit":"px","top":"-80","right":"20","bottom":"0","left":"20","isLinked":false},"padding":{"unit":"px","top":"25","right":"0","bottom":"60","left":"0","isLinked":false},"_inline_size_tablet":100,"margin_tablet":{"unit":"px","top":"15","right":"15","bottom":"0","left":"15","isLinked":false},"margin_mobile":{"unit":"px","top":"30","right":"20","bottom":"30","left":"20","isLinked":false},"padding_tablet":{"unit":"px","top":"0","right":"0","bottom":"56","left":"0","isLinked":false},"padding_mobile":{"unit":"px","top":"20","right":"0","bottom":"0","left":"0","isLinked":false}},"elements":[{"id":"47304836","settings":{"title":"Fitness Consultation","align":"center","typography_typography":"custom","typography_font_size":{"unit":"px","size":35,"sizes":[]},"_padding":{"unit":"px","top":"0","right":"0","bottom":"0","left":"0","isLinked":false},"_background_background":"classic","_border_width":{"unit":"px","top":"0","right":"0","bottom":"6","left":"0","isLinked":false},"_border_color":"#e2e2e2","_box_shadow_box_shadow_type":"yes","_box_shadow_box_shadow":{"horizontal":0,"vertical":0,"blur":"","spread":0,"color":"rgba(0,0,0,0.5)"},"_margin_tablet":{"unit":"px","top":"15","right":"0","bottom":"0","left":"0","isLinked":false}},"elements":[],"isInner":false,"widgetType":"heading","elType":"widget"},{"id":"4e9e3722","settings":{"title":"Costs Per Visit","header_size":"h3","align":"center","typography_typography":"custom","typography_font_size":{"unit":"px","size":27,"sizes":[]},"typography_font_size_mobile":{"unit":"px","size":20,"sizes":[]},"_padding":{"unit":"px","top":"15","right":"0","bottom":"12","left":"0","isLinked":false},"_background_background":"classic","_border_width":{"unit":"px","top":"0","right":"0","bottom":"6","left":"0","isLinked":false},"_border_color":"#e2e2e2","_box_shadow_box_shadow_type":"yes","_box_shadow_box_shadow":{"horizontal":0,"vertical":0,"blur":"","spread":0,"color":"rgba(0,0,0,0.5)"}},"elements":[],"isInner":false,"widgetType":"heading","elType":"widget"},{"id":"1590e707","settings":{"text":"$299","align":"center","typography_typography":"custom","typography_font_size":{"unit":"px","size":36,"sizes":[]},"typography_font_weight":"600","background_color":"#ae7434","border_radius":{"unit":"px","top":"14","right":"14","bottom":"14","left":"14","isLinked":true},"text_padding":{"unit":"px","top":"12","right":"30","bottom":"12","left":"30","isLinked":false},"link":{"url":"","is_external":"","nofollow":""}},"elements":[],"isInner":false,"widgetType":"button","elType":"widget"},{"id":"3ab4b92e","settings":{"title":"Per Visit\/First Hour","header_size":"h5","align":"center","title_color":"#ae7434","typography_typography":"custom","typography_font_size":{"unit":"px","size":20,"sizes":[]},"typography_letter_spacing":{"unit":"px","size":2.100000000000000088817841970012523233890533447265625,"sizes":[]},"_padding":{"unit":"px","top":"10","right":"0","bottom":"10","left":"7","isLinked":false}},"elements":[],"isInner":false,"widgetType":"heading","elType":"widget"},{"id":"288e7c37","settings":{"color":"#eaeaea","width":{"unit":"%","size":75,"sizes":[]},"align":"center","text":"Divider"},"elements":[],"isInner":false,"widgetType":"divider","elType":"widget"},{"id":"7c3bd47b","settings":{"icon_list":[{"text":"$299 First Hour (Up to 50+ Miles)","icon":"fa fa-check","_id":"c414b4e","__fa4_migrated":{"selected_icon":true}},{"text":"$345 First Hour (75 to 100+ Miles)","icon":"fa fa-check","_id":"9e007ab","__fa4_migrated":{"selected_icon":true}},{"text":"$395 First Hour (125 To 200 Miles)","icon":"fa fa-check","_id":"0c8629d","__fa4_migrated":{"selected_icon":true}},{"text":"Over 200 Miles - Please Call","icon":"fa fa-check","_id":"35afae0","__fa4_migrated":{"selected_icon":true}},{"text":"$120 Additional Hour","icon":"fa fa-check","_id":"c5fb934","__fa4_migrated":{"selected_icon":true}}],"space_between":{"unit":"px","size":5,"sizes":[]},"icon_size":{"unit":"px","size":18,"sizes":[]},"text_indent":{"unit":"px","size":14,"sizes":[]},"icon_typography_typography":"custom","icon_typography_font_size":{"unit":"px","size":18,"sizes":[]},"icon_typography_font_size_mobile":{"unit":"px","size":14,"sizes":[]},"icon_typography_font_weight":"500","icon_typography_text_transform":"uppercase","icon_align":"left","icon_color":"#000000","text_color":"#000000","_padding":{"unit":"px","top":"20","right":"0","bottom":"15","left":"20","isLinked":false},"icon_typography_font_family":"Open Sans Condensed"},"elements":[],"isInner":false,"widgetType":"icon-list","elType":"widget"}],"isInner":false,"elType":"column"},{"id":"2e2969cf","settings":{"_column_size":33,"_inline_size":null,"background_background":"classic","background_color":"#ffffff","border_radius":{"unit":"px","top":"18","right":"18","bottom":"18","left":"18","isLinked":true},"box_shadow_box_shadow_type":"yes","box_shadow_box_shadow":{"horizontal":0,"vertical":3,"blur":17,"spread":-1,"color":"rgba(201,201,201,0.56)"},"margin":{"unit":"px","top":"0","right":"20","bottom":"60","left":"20","isLinked":false},"padding":{"unit":"px","top":"25","right":"0","bottom":"0","left":"0","isLinked":false},"_inline_size_tablet":100,"margin_mobile":{"unit":"px","top":"0","right":"20","bottom":"30","left":"20","isLinked":false},"padding_tablet":{"unit":"px","top":"0","right":"0","bottom":"71","left":"0","isLinked":false},"padding_mobile":{"unit":"px","top":"20","right":"0","bottom":"0","left":"0","isLinked":false},"margin_tablet":{"unit":"px","top":"15","right":"15","bottom":"0","left":"15","isLinked":false}},"elements":[{"id":"1b7eeef5","settings":{"title":"Travel Consultation","align":"center","typography_typography":"custom","typography_font_size":{"unit":"px","size":35,"sizes":[]},"typography_font_size_mobile":{"unit":"px","size":30,"sizes":[]},"_padding":{"unit":"px","top":"0","right":"0","bottom":"0","left":"0","isLinked":false},"_background_background":"classic","_border_width":{"unit":"px","top":"0","right":"0","bottom":"6","left":"0","isLinked":false},"_border_color":"#e2e2e2","_box_shadow_box_shadow_type":"yes","_box_shadow_box_shadow":{"horizontal":0,"vertical":0,"blur":"","spread":0,"color":"rgba(0,0,0,0.5)"},"_margin_tablet":{"unit":"px","top":"15","right":"0","bottom":"0","left":"0","isLinked":false}},"elements":[],"isInner":false,"widgetType":"heading","elType":"widget"},{"id":"70bd040b","settings":{"title":"Costs Per Zoom","header_size":"h3","align":"center","typography_typography":"custom","typography_font_size":{"unit":"px","size":27,"sizes":[]},"_padding":{"unit":"px","top":"15","right":"0","bottom":"12","left":"0","isLinked":false},"_background_background":"classic","_border_width":{"unit":"px","top":"0","right":"0","bottom":"6","left":"0","isLinked":false},"_border_color":"#e2e2e2","_box_shadow_box_shadow_type":"yes","_box_shadow_box_shadow":{"horizontal":0,"vertical":0,"blur":"","spread":0,"color":"rgba(0,0,0,0.5)"}},"elements":[],"isInner":false,"widgetType":"heading","elType":"widget"},{"id":"7616dce5","settings":{"text":"$299","align":"center","typography_typography":"custom","typography_font_size":{"unit":"px","size":36,"sizes":[]},"typography_font_weight":"600","background_color":"#ae7434","border_radius":{"unit":"px","top":"14","right":"14","bottom":"14","left":"14","isLinked":true},"text_padding":{"unit":"px","top":"12","right":"30","bottom":"12","left":"30","isLinked":false},"link":{"url":"","is_external":"","nofollow":""}},"elements":[],"isInner":false,"widgetType":"button","elType":"widget"},{"id":"f880219","settings":{"title":"Per Zoom\/Per Hour","header_size":"h5","align":"center","title_color":"#ae7434","typography_typography":"custom","typography_font_size":{"unit":"px","size":20,"sizes":[]},"typography_letter_spacing":{"unit":"px","size":2.100000000000000088817841970012523233890533447265625,"sizes":[]},"_padding":{"unit":"px","top":"10","right":"0","bottom":"10","left":"7","isLinked":false}},"elements":[],"isInner":false,"widgetType":"heading","elType":"widget"},{"id":"1553c314","settings":{"color":"#eaeaea","width":{"unit":"%","size":75,"sizes":[]},"align":"center","text":"Divider"},"elements":[],"isInner":false,"widgetType":"divider","elType":"widget"},{"id":"6512050c","settings":{"icon_list":[{"text":"$299 First Hour (Zoom Only)","icon":"fa fa-check","_id":"c414b4e","__fa4_migrated":{"selected_icon":true}},{"text":"$120 Additional Hour","icon":"fa fa-check","_id":"c5fb934","__fa4_migrated":{"selected_icon":true}}],"space_between":{"unit":"px","size":5,"sizes":[]},"icon_size":{"unit":"px","size":18,"sizes":[]},"text_indent":{"unit":"px","size":14,"sizes":[]},"icon_typography_typography":"custom","icon_typography_font_size":{"unit":"px","size":18,"sizes":[]},"icon_typography_font_size_mobile":{"unit":"px","size":14,"sizes":[]},"icon_typography_font_weight":"500","icon_typography_text_transform":"uppercase","icon_align":"left","icon_color":"#000000","text_color":"#000000","_padding":{"unit":"px","top":"20","right":"0","bottom":"15","left":"20","isLinked":false},"icon_typography_font_family":"Open Sans Condensed"},"elements":[],"isInner":false,"widgetType":"icon-list","elType":"widget"}],"isInner":false,"elType":"column"}],"isInner":false,"elType":"section"},{"id":"5f79b2fd","settings":{"padding":{"unit":"px","top":"0","right":"0","bottom":"60","left":"0","isLinked":false},"background_background":"classic","background_overlay_image":{"url":"https:\/\/self-tastic.com\/wp-content\/uploads\/2021\/08\/logo-background.png","id":1163,"alt":"","source":"library"},"background_overlay_background":"classic","background_overlay_position":"top left","background_overlay_xpos":{"unit":"px","size":91,"sizes":[]},"background_overlay_ypos":{"unit":"px","size":273,"sizes":[]},"background_overlay_attachment":"fixed","background_overlay_repeat":"no-repeat","background_overlay_size":"cover","background_overlay_opacity":{"unit":"px","size":0.05000000000000000277555756156289135105907917022705078125,"sizes":[]}},"elements":[{"id":"4af542fe","settings":{"_column_size":100,"_inline_size":null,"padding":{"unit":"px","top":"0","right":"56","bottom":"0","left":"0","isLinked":false},"padding_mobile":{"unit":"px","top":"0","right":"10","bottom":"0","left":"0","isLinked":false}},"elements":[{"id":"2c0c5560","settings":{"style":"rhombus","width":{"unit":"%","size":50,"sizes":[]},"align":"center","text":"Divider","color":"#AE7434","pattern_height":{"unit":"px","size":10,"sizes":[]},"_padding":{"unit":"px","top":"0","right":"0","bottom":"40","left":"0","isLinked":false}},"elements":[],"isInner":false,"widgetType":"divider","elType":"widget"},{"id":"7c0941b3","settings":{"title":"Satisfaction Guarantee","header_size":"h6","align":"left","title_color":"#AE7434","_padding":{"unit":"px","top":"0","right":"0","bottom":"0","left":"0","isLinked":false},"typography_typography":"custom","typography_font_family":"Aldrich","typography_font_size":{"unit":"px","size":16,"sizes":[]},"_margin":{"unit":"px","top":"0","right":"0","bottom":"-15","left":"0","isLinked":false}},"elements":[],"isInner":false,"widgetType":"heading","elType":"widget"},{"id":"626b05f8","settings":{"structure":"20"},"elements":[{"id":"27529f82","settings":{"_column_size":50,"_inline_size":81.5979999999999989768184605054557323455810546875},"elements":[{"id":"7e8d6114","settings":{"editor":"<p>We offer competitive pricing and total satisfaction guarantees on all our products and services.\u00a0 Please let us know if you find one of our consultations as less than your expectations and we'll be happy resolve the problem. The total satisfaction guarantee is just that: if you are not satisfied with any service we have provided, for any reason, let us know and we will do everything we can to satisfy you, or we will refund your purchase price minus the labor and any unremovable materials.\u00a0<\/p>","typography_typography":"custom","typography_font_family":"Raleway","typography_font_size":{"unit":"px","size":21,"sizes":[]},"typography_font_weight":"400","text_color":"#473C31","_background_background":"classic"},"elements":[],"isInner":false,"widgetType":"text-editor","elType":"widget"}],"isInner":true,"elType":"column"},{"id":"69d3bdaa","settings":{"_column_size":50,"_inline_size":18.356999999999999317878973670303821563720703125},"elements":[{"id":"14f39fa7","settings":{"image":{"id":1400,"url":"https:\/\/self-tastic.com\/wp-content\/uploads\/2021\/08\/customer-satisfaction-guarantee.png"}},"elements":[],"isInner":false,"widgetType":"image","elType":"widget"}],"isInner":true,"elType":"column"}],"isInner":true,"elType":"section"}],"isInner":false,"elType":"column"}],"isInner":false,"elType":"section"},{"id":"18075684","settings":{"background_background":"classic","background_color":"#FFFFFF","shape_divider_top":"wave-brush","shape_divider_top_color":"#A8E0D9F7","shape_divider_top_height":{"unit":"px","size":60,"sizes":[]},"shape_divider_bottom":"wave-brush","shape_divider_bottom_color":"#000000","shape_divider_bottom_height":{"unit":"px","size":60,"sizes":[]},"padding":{"unit":"px","top":"0","right":"0","bottom":"50","left":"0","isLinked":false}},"elements":[{"id":"540c67f6","settings":{"_column_size":100,"_inline_size":null},"elements":[{"id":"71845d1d","settings":{"title":"Words Of Wisdom","align":"center","title_color":"#725F4D","typography_typography":"custom","typography_font_family":"Open Sans Condensed","typography_font_size":{"unit":"px","size":39,"sizes":[]},"_margin":{"unit":"px","top":"70","right":"0","bottom":"-25","left":"0","isLinked":false}},"elements":[],"isInner":false,"widgetType":"heading","elType":"widget"},{"id":"4b08d5a","settings":{"carousel":[{"id":997,"url":"https:\/\/self-tastic.com\/wp-content\/uploads\/2021\/08\/words-of-wisdom-02.gif"},{"id":998,"url":"https:\/\/self-tastic.com\/wp-content\/uploads\/2021\/08\/words-of-wisdom-03.gif"},{"id":999,"url":"https:\/\/self-tastic.com\/wp-content\/uploads\/2021\/08\/words-of-wisdom-04.gif"},{"id":1000,"url":"https:\/\/self-tastic.com\/wp-content\/uploads\/2021\/08\/words-of-wisdom-05.gif"},{"id":1001,"url":"https:\/\/self-tastic.com\/wp-content\/uploads\/2021\/08\/words-of-wisdom-06.gif"},{"id":1002,"url":"https:\/\/self-tastic.com\/wp-content\/uploads\/2021\/08\/words-of-wisdom-07.gif"},{"id":1003,"url":"https:\/\/self-tastic.com\/wp-content\/uploads\/2021\/08\/words-of-wisdom-08.gif"},{"id":1004,"url":"https:\/\/self-tastic.com\/wp-content\/uploads\/2021\/08\/words-of-wisdom-09.gif"},{"id":1005,"url":"https:\/\/self-tastic.com\/wp-content\/uploads\/2021\/08\/words-of-wisdom-10.gif"},{"id":1006,"url":"https:\/\/self-tastic.com\/wp-content\/uploads\/2021\/08\/words-of-wisdom-11.gif"},{"id":1007,"url":"https:\/\/self-tastic.com\/wp-content\/uploads\/2021\/08\/words-of-wisdom-12.gif"},{"id":1008,"url":"https:\/\/self-tastic.com\/wp-content\/uploads\/2021\/08\/words-of-wisdom-13.gif"},{"id":1009,"url":"https:\/\/self-tastic.com\/wp-content\/uploads\/2021\/08\/words-of-wisdom-14.gif"},{"id":1010,"url":"https:\/\/self-tastic.com\/wp-content\/uploads\/2021\/08\/words-of-wisdom-01.gif"}],"thumbnail_size":"full","slides_to_show":"5","slides_to_scroll":"1","navigation":"none"},"elements":[],"isInner":false,"widgetType":"image-carousel","elType":"widget"}],"isInner":false,"elType":"column"}],"isInner":false,"elType":"section"}],"page_settings":{"astra_sites_main_color":"rgba(0,0,0,0.5)","astra_sites_heading_base_color":"#000000","astra_sites_link_color":"#269fb7","astra_sites_link_hover_color":"rgba(0,0,0,0.65)","astra_sites_text_color":"rgba(0,0,0,0.65)","astra_sites_body_typography":"custom","astra_sites_body_font_size":{"unit":"px","size":19},"astra_sites_body_font_size_tablet":{"unit":"px","size":18},"astra_sites_body_font_family":"Cormorant","astra_sites_body_font_weight":"500","astra_sites_heading_1_typography":"custom","astra_sites_heading_1_font_size":{"unit":"px","size":90},"astra_sites_heading_1_font_size_tablet":{"unit":"px","size":50},"astra_sites_default_heading_font_family":"'Montserrat', sans-serif","astra_sites_heading_1_font_family":"'Montserrat'","astra_sites_heading_1_font_weight":"500","astra_sites_heading_2_typography":"custom","astra_sites_heading_2_font_size":{"unit":"px","size":40},"astra_sites_heading_2_font_size_tablet":{"unit":"px","size":32},"astra_sites_heading_2_font_family":"'Montserrat'","astra_sites_heading_2_font_weight":"500","astra_sites_heading_3_typography":"custom","astra_sites_heading_3_font_size":{"unit":"px","size":30},"astra_sites_heading_3_font_size_tablet":{"unit":"px","size":28},"astra_sites_heading_3_font_size_mobile":{"unit":"px","size":28},"astra_sites_heading_3_font_family":"'Allura'","astra_sites_heading_3_font_weight":"400","astra_sites_heading_3_text_transform":"none","astra_sites_heading_4_typography":"custom","astra_sites_heading_4_font_size":{"unit":"px","size":20},"astra_sites_heading_4_font_size_tablet":{"unit":"px","size":18},"astra_sites_heading_4_font_family":"'Montserrat'","astra_sites_heading_4_font_weight":"500","astra_sites_heading_4_text_transform":"uppercase","astra_sites_heading_5_typography":"custom","astra_sites_heading_5_font_size":{"unit":"px","size":17},"astra_sites_heading_5_font_size_tablet":{"unit":"px","size":16},"astra_sites_heading_5_font_family":"'Montserrat'","astra_sites_heading_5_font_weight":"500","astra_sites_heading_5_text_transform":"uppercase","astra_sites_heading_6_typography":"custom","astra_sites_heading_6_font_size":{"unit":"px","size":14},"astra_sites_heading_6_font_family":"'Montserrat'","astra_sites_heading_6_font_weight":"500","astra_sites_heading_6_text_transform":"uppercase","astra_sites_page_setting_enable":""},"version":"0.4","title":"Selftastic Services Page","type":"page"}