{"content":[{"id":"3f5504a","settings":{"background_background":"classic","background_image":{"id":"1241","url":"https:\/\/self-tastic.com\/wp-content\/uploads\/2021\/08\/cover-home-new.jpg"},"margin":{"unit":"px","top":"0","right":0,"bottom":"0","left":0,"isLinked":false},"padding":{"unit":"px","top":"0","right":"0","bottom":"0","left":"0","isLinked":false},"background_attachment":"fixed","background_overlay_background":"gradient","background_overlay_color":"rgba(0, 0, 0, 0.55)","background_overlay_color_b":"","background_overlay_color_b_stop":{"unit":"%","size":30,"sizes":[]},"shape_divider_bottom":"opacity-tilt","shape_divider_bottom_color":"#A8E0D9","shape_divider_bottom_height":{"unit":"px","size":60,"sizes":[]}},"elements":[{"id":"3c4f918","settings":{"_column_size":100,"_inline_size":null,"content_position":"center","padding":{"unit":"px","top":"0","right":"0","bottom":"0","left":"0","isLinked":false}},"elements":[{"id":"414c02e8","settings":{"structure":"20"},"elements":[{"id":"342d84cf","settings":{"_column_size":50,"_inline_size":25},"elements":[{"id":"7ae6e422","settings":{"image":{"id":"1240","url":"https:\/\/self-tastic.com\/wp-content\/uploads\/2021\/08\/logo-selftastic2.gif"}},"elements":[],"isInner":false,"widgetType":"image","elType":"widget"}],"isInner":true,"elType":"column"},{"id":"112dedca","settings":{"_column_size":50,"_inline_size":75},"elements":[{"id":"7bc0cc7e","settings":{"menu":"menu","navmenu_align":"right","resp_align":"right","color_menu_item":"#FFFFFF","menu_typography_typography":"custom","menu_typography_font_family":"Open Sans Condensed","menu_typography_font_size":{"unit":"px","size":24,"sizes":[]}},"elements":[],"isInner":false,"widgetType":"navigation-menu","elType":"widget"}],"isInner":true,"elType":"column"}],"isInner":true,"elType":"section"},{"id":"5e5bb40d","settings":{"title":"Posts","header_size":"h1","title_color":"#FFFFFF","align":"left","typography_typography":"custom","typography_font_family":"Londrina Shadow","_padding":{"unit":"px","top":"200","right":"0","bottom":"17","left":"0","isLinked":false}},"elements":[],"isInner":false,"widgetType":"heading","elType":"widget"}],"isInner":false,"elType":"column"}],"isInner":false,"elType":"section"}],"page_settings":[],"version":"0.4","title":"Selftastic Blog Post Header","type":"section"}