{"content":[{"id":"18db7e63","settings":{"background_background":"classic","background_color":"#000000"},"elements":[{"id":"5baf8a1c","settings":{"_column_size":100,"_inline_size":null},"elements":[{"id":"12275d6e","settings":{"structure":"30"},"elements":[{"id":"13328876","settings":{"_column_size":33,"_inline_size":null},"elements":[{"id":"3d90d003","settings":{"title":"Contact Details","header_size":"h6","title_color":"#FFFFFF","align_mobile":"center"},"elements":[],"isInner":false,"widgetType":"heading","elType":"widget"},{"id":"319c0848","settings":{"icon_list":[{"text":"850-524-9632","selected_icon":{"value":"fas fa-phone-alt","library":"fa-solid"},"_id":"637ee4b","link":{"url":"#","is_external":"","nofollow":"","custom_attributes":""}},{"text":"info@self-tastic.com","selected_icon":{"value":"fas fa-envelope","library":"fa-solid"},"link":{"url":"#","is_external":"","nofollow":"","custom_attributes":""},"_id":"8d4ce3c"},{"text":"1859 Winery Way, Tallahassee, FL, 32317","selected_icon":{"value":"fas fa-map-marker-alt","library":"fa-solid"},"link":{"url":"#","is_external":"","nofollow":"","custom_attributes":""},"_id":"08d64dc"}],"icon_color":"#FFFFFF","text_color":"#FFFFFF","icon_align_mobile":"center","text_color_hover":"rgba(255, 255, 255, 0.65)","icon_typography_typography":"custom","icon_typography_font_family":"Open Sans Condensed"},"elements":[],"isInner":false,"widgetType":"icon-list","elType":"widget"}],"isInner":true,"elType":"column"},{"id":"631abe31","settings":{"_column_size":33,"_inline_size":null},"elements":[{"id":"4f14fbb6","settings":{"image":{"id":1107,"url":"https:\/\/self-tastic.com\/wp-content\/uploads\/2021\/08\/logo-selftastic-300-1.png"},"image_size":"full","align":"center","link_to":"custom","link":{"url":"#","is_external":"","nofollow":""},"width":{"unit":"px","size":180,"sizes":[]},"width_tablet":{"unit":"px","size":150,"sizes":[]}},"elements":[],"isInner":false,"widgetType":"image","elType":"widget"}],"isInner":true,"elType":"column"},{"id":"1e8bf4de","settings":{"_column_size":33,"_inline_size":null},"elements":[{"id":"7beef7ff","settings":{"title":"Quick Links","header_size":"h6","align":"right","title_color":"#FFFFFF","align_mobile":"center"},"elements":[],"isInner":false,"widgetType":"heading","elType":"widget"},{"id":"554d8b7c","settings":{"icon_list":[{"text":"Home","selected_icon":{"value":"fas fa-home","library":"fa-solid"},"link":{"url":"\/","is_external":"","nofollow":"","custom_attributes":""},"_id":"5b583bd"},{"text":"About","selected_icon":{"value":"","library":""},"_id":"637ee4b","link":{"url":"\/about\/","is_external":"","nofollow":"","custom_attributes":""}},{"text":"Blog","selected_icon":{"value":"","library":""},"link":{"url":"\/blog\/","is_external":"","nofollow":"","custom_attributes":""},"_id":"08d64dc"},{"text":"Contact","selected_icon":{"value":"","library":""},"link":{"url":"\/contact\/","is_external":"","nofollow":"","custom_attributes":""},"_id":"8d4ce3c"}],"icon_align":"right","text_color":"#FFFFFF","icon_align_mobile":"center","text_color_hover":"rgba(255, 255, 255, 0.65)","icon_typography_typography":"custom","icon_typography_font_family":"Open Sans Condensed"},"elements":[],"isInner":false,"widgetType":"icon-list","elType":"widget"}],"isInner":true,"elType":"column"}],"isInner":true,"elType":"section"},{"id":"1a98a0be","settings":{"structure":"20"},"elements":[{"id":"3498f42e","settings":{"_column_size":50,"_inline_size":null},"elements":[{"id":"74adc0aa","settings":{"shortcode":"Copyright \u00a9 2022 Self-Tastic | Powered by WebYoda","title_color":"#FFFFFF","caption_typography_typography":"custom","caption_typography_font_family":"Open Sans Condensed","_margin":{"unit":"px","top":"0","right":"0","bottom":"0","left":"0","isLinked":false},"_padding":{"unit":"px","top":"0","right":"0","bottom":"0","left":"0","isLinked":false}},"elements":[],"isInner":false,"widgetType":"copyright","elType":"widget"}],"isInner":true,"elType":"column"},{"id":"6f48d57d","settings":{"_column_size":50,"_inline_size":null},"elements":[{"id":"3a19cc5c","settings":{"social_icon_list":[{"social_icon":{"value":"fab fa-medium","library":"fa-brands"},"link":{"url":"https:\/\/medium.com\/@pepperlowe","is_external":"","nofollow":"","custom_attributes":""},"_id":"668a3d9"},{"social_icon":{"value":"fab fa-instagram","library":"fa-brands"},"link":{"url":"https:\/\/www.instagram.com\/Self_tastic","is_external":"","nofollow":"","custom_attributes":""},"_id":"fec91b2"},{"social_icon":{"value":"fab fa-facebook-f","library":"fa-brands"},"_id":"f4f8b22","link":{"url":"https:\/\/www.facebook.com\/Self_tastic","is_external":"","nofollow":"","custom_attributes":""}},{"social_icon":{"value":"fab fa-twitter","library":"fa-brands"},"link":{"url":"https:\/\/twitter.com\/Self_tastic","is_external":"","nofollow":"","custom_attributes":""},"_id":"81382a7"}],"align":"right","icon_color":"custom","icon_primary_color":"rgba(0, 0, 0, 0)","icon_secondary_color":"#FFFFFF","icon_size":{"unit":"px","size":14,"sizes":[]},"icon_padding":{"unit":"em","size":0.84999999999999997779553950749686919152736663818359375,"sizes":[]},"icon_spacing":{"unit":"px","size":20,"sizes":[]},"hover_secondary_color":"rgba(255, 255, 255, 0.65)","shape":"circle","align_mobile":"center","icon_spacing_mobile":{"unit":"px","size":15,"sizes":[]},"image_border_border":"solid","image_border_width":{"unit":"px","top":"2","right":"2","bottom":"2","left":"2","isLinked":"1"},"image_border_color":"rgba(255, 255, 255, 0.7)"},"elements":[],"isInner":false,"widgetType":"social-icons","elType":"widget"}],"isInner":true,"elType":"column"}],"isInner":true,"elType":"section"}],"isInner":false,"elType":"column"}],"isInner":false,"elType":"section"}],"page_settings":[],"version":"0.4","title":"Selftastic Website Footer","type":"section"}