{"content":[{"id":"4d484b20","settings":{"custom_height":{"unit":"vh","size":"35","sizes":[]},"background_background":"classic","background_image":{"id":1119,"url":"https:\/\/self-tastic.com\/wp-content\/uploads\/2021\/08\/header-about.jpg","alt":"","source":"library"},"background_position":"center center","background_attachment":"scroll","background_repeat":"no-repeat","background_size":"cover","background_overlay_color_b":"#033B3F00","background_overlay_opacity":{"unit":"px","size":"0.95","sizes":[]},"custom_height_tablet":{"unit":"vh","size":"25","sizes":[]},"padding_tablet":{"unit":"px","top":"125","right":"25","bottom":"0","left":"25","isLinked":""},"custom_height_mobile":{"unit":"vh","size":"25","sizes":[]},"padding":{"unit":"px","top":"0","right":"30","bottom":"0","left":"30","isLinked":""},"padding_mobile":{"unit":"px","top":"125","right":"20","bottom":"0","left":"20","isLinked":""},"background_overlay_background":"gradient","background_overlay_color":"#000000B3","background_overlay_color_b_stop":{"unit":"%","size":24,"sizes":[]},"shape_divider_bottom":"opacity-tilt","shape_divider_bottom_color":"#A8E0D9","shape_divider_bottom_height":{"unit":"px","size":60,"sizes":[]}},"elements":[{"id":"38c0d49b","settings":{"_column_size":"100","margin":{"unit":"%","top":"","right":"","bottom":"","left":"","isLinked":"1"},"space_between_widgets":"10","margin_tablet":{"unit":"%","top":"","right":"","bottom":"","left":"","isLinked":"1"},"margin_mobile":{"unit":"px","top":"","right":"","bottom":"","left":"","isLinked":"1"}},"elements":[{"id":"3790c3af","settings":{"title":"About","header_size":"h1","title_color":"#FFFFFF","align":"left","typography_typography":"custom","typography_font_family":"Londrina Shadow","typography_font_size":{"unit":"px","size":90,"sizes":[]},"_padding":{"unit":"px","top":"278","right":"0","bottom":"0","left":"0","isLinked":false}},"elements":[],"isInner":false,"widgetType":"heading","elType":"widget"}],"isInner":"","elType":"column"}],"isInner":"","elType":"section"}],"page_settings":{"astra_sites_main_color":"rgba(0,0,0,0.5)","astra_sites_heading_base_color":"#000000","astra_sites_link_color":"#269fb7","astra_sites_link_hover_color":"rgba(0,0,0,0.65)","astra_sites_text_color":"rgba(0,0,0,0.65)","astra_sites_body_typography":"custom","astra_sites_body_font_size":{"unit":"px","size":19},"astra_sites_body_font_size_tablet":{"unit":"px","size":18},"astra_sites_body_font_family":"Cormorant","astra_sites_body_font_weight":"500","astra_sites_heading_1_typography":"custom","astra_sites_heading_1_font_size":{"unit":"px","size":90},"astra_sites_heading_1_font_size_tablet":{"unit":"px","size":50},"astra_sites_default_heading_font_family":"'Montserrat', sans-serif","astra_sites_heading_1_font_family":"'Montserrat'","astra_sites_heading_1_font_weight":"500","astra_sites_heading_2_typography":"custom","astra_sites_heading_2_font_size":{"unit":"px","size":40},"astra_sites_heading_2_font_size_tablet":{"unit":"px","size":32},"astra_sites_heading_2_font_family":"'Montserrat'","astra_sites_heading_2_font_weight":"500","astra_sites_heading_3_typography":"custom","astra_sites_heading_3_font_size":{"unit":"px","size":30},"astra_sites_heading_3_font_size_tablet":{"unit":"px","size":28},"astra_sites_heading_3_font_size_mobile":{"unit":"px","size":28},"astra_sites_heading_3_font_family":"'Allura'","astra_sites_heading_3_font_weight":"400","astra_sites_heading_3_text_transform":"none","astra_sites_heading_4_typography":"custom","astra_sites_heading_4_font_size":{"unit":"px","size":20},"astra_sites_heading_4_font_size_tablet":{"unit":"px","size":18},"astra_sites_heading_4_font_family":"'Montserrat'","astra_sites_heading_4_font_weight":"500","astra_sites_heading_4_text_transform":"uppercase","astra_sites_heading_5_typography":"custom","astra_sites_heading_5_font_size":{"unit":"px","size":17},"astra_sites_heading_5_font_size_tablet":{"unit":"px","size":16},"astra_sites_heading_5_font_family":"'Montserrat'","astra_sites_heading_5_font_weight":"500","astra_sites_heading_5_text_transform":"uppercase","astra_sites_heading_6_typography":"custom","astra_sites_heading_6_font_size":{"unit":"px","size":14},"astra_sites_heading_6_font_family":"'Montserrat'","astra_sites_heading_6_font_weight":"500","astra_sites_heading_6_text_transform":"uppercase","astra_sites_page_setting_enable":"","background_position":"","background_repeat":"","background_size":"","background_slideshow_background_size":"","background_slideshow_background_position":""},"version":"0.4","title":"Selftastic About Header","type":"section"}