{"content":[{"id":"64d57c54","settings":{"background_background":"classic","background_color":"#FFFFFF","shape_divider_top":"wave-brush","shape_divider_top_color":"#A8E0D9F7","shape_divider_top_height":{"unit":"px","size":60,"sizes":[]},"shape_divider_bottom":"wave-brush","shape_divider_bottom_color":"#000000","shape_divider_bottom_height":{"unit":"px","size":60,"sizes":[]},"padding":{"unit":"px","top":"0","right":"0","bottom":"50","left":"0","isLinked":false}},"elements":[{"id":"54ac6092","settings":{"_column_size":100,"_inline_size":null},"elements":[{"id":"1d639fb2","settings":{"title":"Words Of Wisdom","align":"center","title_color":"#725F4D","typography_typography":"custom","typography_font_family":"Open Sans Condensed","typography_font_size":{"unit":"px","size":39,"sizes":[]},"_margin":{"unit":"px","top":"70","right":"0","bottom":"-25","left":"0","isLinked":false}},"elements":[],"isInner":false,"widgetType":"heading","elType":"widget"},{"id":"3a153b50","settings":{"carousel":[{"id":997,"url":"https:\/\/self-tastic.com\/wp-content\/uploads\/2021\/08\/words-of-wisdom-02.gif"},{"id":998,"url":"https:\/\/self-tastic.com\/wp-content\/uploads\/2021\/08\/words-of-wisdom-03.gif"},{"id":999,"url":"https:\/\/self-tastic.com\/wp-content\/uploads\/2021\/08\/words-of-wisdom-04.gif"},{"id":1000,"url":"https:\/\/self-tastic.com\/wp-content\/uploads\/2021\/08\/words-of-wisdom-05.gif"},{"id":1001,"url":"https:\/\/self-tastic.com\/wp-content\/uploads\/2021\/08\/words-of-wisdom-06.gif"},{"id":1002,"url":"https:\/\/self-tastic.com\/wp-content\/uploads\/2021\/08\/words-of-wisdom-07.gif"},{"id":1003,"url":"https:\/\/self-tastic.com\/wp-content\/uploads\/2021\/08\/words-of-wisdom-08.gif"},{"id":1004,"url":"https:\/\/self-tastic.com\/wp-content\/uploads\/2021\/08\/words-of-wisdom-09.gif"},{"id":1005,"url":"https:\/\/self-tastic.com\/wp-content\/uploads\/2021\/08\/words-of-wisdom-10.gif"},{"id":1006,"url":"https:\/\/self-tastic.com\/wp-content\/uploads\/2021\/08\/words-of-wisdom-11.gif"},{"id":1007,"url":"https:\/\/self-tastic.com\/wp-content\/uploads\/2021\/08\/words-of-wisdom-12.gif"},{"id":1008,"url":"https:\/\/self-tastic.com\/wp-content\/uploads\/2021\/08\/words-of-wisdom-13.gif"},{"id":1009,"url":"https:\/\/self-tastic.com\/wp-content\/uploads\/2021\/08\/words-of-wisdom-14.gif"},{"id":1010,"url":"https:\/\/self-tastic.com\/wp-content\/uploads\/2021\/08\/words-of-wisdom-01.gif"}],"thumbnail_size":"full","slides_to_show":"5","slides_to_scroll":"1","navigation":"none"},"elements":[],"isInner":false,"widgetType":"image-carousel","elType":"widget"}],"isInner":false,"elType":"column"}],"isInner":false,"elType":"section"}],"page_settings":{"astra_sites_main_color":"rgba(0,0,0,0.5)","astra_sites_heading_base_color":"#000000","astra_sites_link_color":"#269fb7","astra_sites_link_hover_color":"rgba(0,0,0,0.65)","astra_sites_text_color":"rgba(0,0,0,0.65)","astra_sites_body_typography":"custom","astra_sites_body_font_size":{"unit":"px","size":19},"astra_sites_body_font_size_tablet":{"unit":"px","size":18},"astra_sites_body_font_family":"Cormorant","astra_sites_body_font_weight":"500","astra_sites_heading_1_typography":"custom","astra_sites_heading_1_font_size":{"unit":"px","size":90},"astra_sites_heading_1_font_size_tablet":{"unit":"px","size":50},"astra_sites_default_heading_font_family":"'Montserrat', sans-serif","astra_sites_heading_1_font_family":"'Montserrat'","astra_sites_heading_1_font_weight":"500","astra_sites_heading_2_typography":"custom","astra_sites_heading_2_font_size":{"unit":"px","size":40},"astra_sites_heading_2_font_size_tablet":{"unit":"px","size":32},"astra_sites_heading_2_font_family":"'Montserrat'","astra_sites_heading_2_font_weight":"500","astra_sites_heading_3_typography":"custom","astra_sites_heading_3_font_size":{"unit":"px","size":30},"astra_sites_heading_3_font_size_tablet":{"unit":"px","size":28},"astra_sites_heading_3_font_size_mobile":{"unit":"px","size":28},"astra_sites_heading_3_font_family":"'Allura'","astra_sites_heading_3_font_weight":"400","astra_sites_heading_3_text_transform":"none","astra_sites_heading_4_typography":"custom","astra_sites_heading_4_font_size":{"unit":"px","size":20},"astra_sites_heading_4_font_size_tablet":{"unit":"px","size":18},"astra_sites_heading_4_font_family":"'Montserrat'","astra_sites_heading_4_font_weight":"500","astra_sites_heading_4_text_transform":"uppercase","astra_sites_heading_5_typography":"custom","astra_sites_heading_5_font_size":{"unit":"px","size":17},"astra_sites_heading_5_font_size_tablet":{"unit":"px","size":16},"astra_sites_heading_5_font_family":"'Montserrat'","astra_sites_heading_5_font_weight":"500","astra_sites_heading_5_text_transform":"uppercase","astra_sites_heading_6_typography":"custom","astra_sites_heading_6_font_size":{"unit":"px","size":14},"astra_sites_heading_6_font_family":"'Montserrat'","astra_sites_heading_6_font_weight":"500","astra_sites_heading_6_text_transform":"uppercase","astra_sites_page_setting_enable":"","background_position":"","background_repeat":"","background_size":"","background_slideshow_background_size":"","background_slideshow_background_position":""},"version":"0.4","title":"Selftastic Words Of Wisdom","type":"section"}